{"runExecutions":[{"executionId":"502caa22-5a71-443a-9124-a9bbd963ab5a","dateExecuted":"2023-04-18T21:00:26.768Z","additionalProperties":{"CpuUtilized_MIN":230.0945208350855,"CpuUtilized_MAX":382.19036376953125,"MemoryUtilized_MAX":171.72727272727272,"CpuUtilized_AVERAGE":281.8435295002971,"CpuUtilized_NUMBER_OF_DATAPOINTS":3.0,"MemoryUtilized_AVERAGE":146.47575757575757,"MemoryUtilized_NUMBER_OF_DATAPOINTS":3.0,"MemoryUtilized_MIN":113.0},"executionStatus":"SUCCESSFUL","executionTime":"PT6M47.897S"}],"validationExecutions":[]}